{"cameraMode":{"drawMode":0,"name":"Shaded","section":"Shading Mode"},"sceneLighting":false,"audioPlay":false,"sceneViewState":{"showFog":true,"showMaterialUpdate":false,"showSkybox":false,"showFlares":true,"showImageEffects":true,"showParticleSystems":true,"showVisualEffectGraphs":true,"m_FxEnabled":false},"in2DMode":false,"pivot":{"x":0.0023499999660998585,"y":0.007199999876320362,"z":0.0012000000569969416},"rotation":{"x":-0.05918869376182556,"y":0.8920717835426331,"z":-0.4309197962284088,"w":-0.12252966314554215},"size":-0.5923317670822144,"orthographic":false}