{"cameraMode":{"drawMode":0,"name":"Shaded","section":"Shading Mode"},"sceneLighting":false,"audioPlay":false,"sceneViewState":{"showFog":true,"showMaterialUpdate":false,"showSkybox":false,"showFlares":true,"showImageEffects":true,"showParticleSystems":true,"showVisualEffectGraphs":true,"m_FxEnabled":false},"in2DMode":false,"pivot":{"x":-19.266334533691408,"y":21.943267822265626,"z":-17.019275665283204},"rotation":{"x":0.0007231618510559201,"y":0.9926856756210327,"z":-0.005956354085355997,"w":0.12060271948575974},"size":28.379512786865236,"orthographic":false}