{"cameraMode":{"drawMode":0,"name":"Shaded","section":"Shading Mode"},"sceneLighting":false,"audioPlay":false,"sceneViewState":{"showFog":true,"showMaterialUpdate":false,"showSkybox":false,"showFlares":true,"showImageEffects":true,"showParticleSystems":true,"showVisualEffectGraphs":true,"m_FxEnabled":false},"in2DMode":false,"pivot":{"x":479.32000732421877,"y":37.189998626708987,"z":330.58526611328127},"rotation":{"x":0.005419416353106499,"y":0.7983525395393372,"z":-0.00718554574996233,"w":0.6021304726600647},"size":4.284730911254883,"orthographic":false}